"","Date","Count"
"36",2016-01-01,354
"637",2016-01-02,260
"731",2016-01-03,192
"329",2016-01-04,226
"621",2016-01-05,261
"689",2016-01-06,262
"506",2016-01-07,305
"695",2016-01-08,287
"563",2016-01-09,228
"6",2016-01-10,184
"531",2016-01-11,243
"74",2016-01-12,271
"729",2016-01-13,238
"463",2016-01-14,277
"677",2016-01-15,320
"555",2016-01-16,238
"613",2016-01-17,187
"680",2016-01-18,231
"675",2016-01-19,240
"722",2016-01-20,243
"614",2016-01-21,237
"725",2016-01-22,265
"709",2016-01-23,248
"721",2016-01-24,194
"730",2016-01-25,237
"651",2016-01-26,255
"705",2016-01-27,259
"724",2016-01-28,272
"301",2016-01-29,298
"714",2016-01-30,270
"600",2016-01-31,253
"131",2016-02-01,326
"162",2016-02-02,300
"699",2016-02-03,247
"728",2016-02-04,256
"348",2016-02-05,232
"683",2016-02-06,244
"726",2016-02-07,212
"340",2016-02-08,166
"727",2016-02-09,237
"658",2016-02-10,263
"681",2016-02-11,240
"636",2016-02-12,265
"707",2016-02-13,199
"720",2016-02-14,197
"355",2016-02-15,243
"363",2016-02-16,267
"573",2016-02-17,263
"319",2016-02-18,234
"715",2016-02-19,284
"706",2016-02-20,286
"723",2016-02-21,238
"690",2016-02-22,267
"507",2016-02-23,247
"718",2016-02-24,227
"549",2016-02-25,291
"650",2016-02-26,269
"557",2016-02-27,306
"700",2016-02-28,224
"717",2016-02-29,277
"272",2016-03-01,277
"691",2016-03-02,218
"666",2016-03-03,244
"623",2016-03-04,254
"662",2016-03-05,218
"654",2016-03-06,226
"490",2016-03-07,267
"693",2016-03-08,251
"711",2016-03-09,277
"337",2016-03-10,245
"610",2016-03-11,260
"639",2016-03-12,295
"665",2016-03-13,277
"698",2016-03-14,255
"601",2016-03-15,258
"612",2016-03-16,279
"378",2016-03-17,266
"708",2016-03-18,305
"702",2016-03-19,286
"655",2016-03-20,308
"644",2016-03-21,237
"719",2016-03-22,296
"78",2016-03-23,260
"254",2016-03-24,281
"657",2016-03-25,245
"242",2016-03-26,284
"464",2016-03-27,211
"374",2016-03-28,260
"187",2016-03-29,278
"716",2016-03-30,279
"697",2016-03-31,302
"172",2016-04-01,353
"530",2016-04-02,283
"246",2016-04-03,233
"376",2016-04-04,241
"298",2016-04-05,257
"661",2016-04-06,262
"339",2016-04-07,313
"667",2016-04-08,278
"701",2016-04-09,280
"206",2016-04-10,221
"450",2016-04-11,307
"671",2016-04-12,264
"649",2016-04-13,303
"692",2016-04-14,260
"478",2016-04-15,291
"582",2016-04-16,239
"696",2016-04-17,252
"678",2016-04-18,262
"710",2016-04-19,253
"385",2016-04-20,287
"712",2016-04-21,254
"673",2016-04-22,245
"713",2016-04-23,271
"33",2016-04-24,276
"466",2016-04-25,284
"704",2016-04-26,273
"590",2016-04-27,287
"679",2016-04-28,229
"303",2016-04-29,296
"668",2016-04-30,247
"23",2016-05-01,274
"618",2016-05-02,282
"687",2016-05-03,225
"154",2016-05-04,229
"659",2016-05-05,300
"645",2016-05-06,301
"703",2016-05-07,250
"646",2016-05-08,237
"674",2016-05-09,279
"451",2016-05-10,278
"487",2016-05-11,306
"663",2016-05-12,307
"684",2016-05-13,289
"583",2016-05-14,255
"546",2016-05-15,243
"456",2016-05-16,290
"538",2016-05-17,282
"447",2016-05-18,284
"543",2016-05-19,267
"577",2016-05-20,259
"635",2016-05-21,286
"638",2016-05-22,272
"694",2016-05-23,287
"676",2016-05-24,303
"429",2016-05-25,287
"279",2016-05-26,302
"685",2016-05-27,269
"68",2016-05-28,286
"630",2016-05-29,260
"548",2016-05-30,252
"580",2016-05-31,337
"80",2016-06-01,314
"686",2016-06-02,308
"606",2016-06-03,329
"375",2016-06-04,290
"625",2016-06-05,240
"561",2016-06-06,275
"688",2016-06-07,336
"529",2016-06-08,274
"426",2016-06-09,283
"542",2016-06-10,305
"648",2016-06-11,261
"423",2016-06-12,241
"682",2016-06-13,324
"94",2016-06-14,299
"574",2016-06-15,330
"274",2016-06-16,320
"634",2016-06-17,290
"392",2016-06-18,257
"377",2016-06-19,234
"578",2016-06-20,307
"640",2016-06-21,284
"200",2016-06-22,297
"627",2016-06-23,298
"595",2016-06-24,312
"664",2016-06-25,238
"669",2016-06-26,252
"236",2016-06-27,248
"410",2016-06-28,246
"433",2016-06-29,298
"62",2016-06-30,268
"10",2016-07-01,284
"43",2016-07-02,268
"672",2016-07-03,231
"596",2016-07-04,284
"653",2016-07-05,319
"398",2016-07-06,309
"427",2016-07-07,258
"588",2016-07-08,286
"670",2016-07-09,230
"444",2016-07-10,244
"401",2016-07-11,300
"628",2016-07-12,289
"660",2016-07-13,263
"656",2016-07-14,284
"611",2016-07-15,272
"448",2016-07-16,308
"617",2016-07-17,257
"307",2016-07-18,271
"641",2016-07-19,262
"422",2016-07-20,270
"449",2016-07-21,286
"620",2016-07-22,268
"642",2016-07-23,308
"647",2016-07-24,252
"643",2016-07-25,287
"652",2016-07-26,285
"32",2016-07-27,310
"616",2016-07-28,298
"607",2016-07-29,285
"592",2016-07-30,270
"608",2016-07-31,280
"82",2016-08-01,330
"313",2016-08-02,273
"579",2016-08-03,298
"541",2016-08-04,276
"270",2016-08-05,275
"20",2016-08-06,259
"603",2016-08-07,255
"545",2016-08-08,288
"585",2016-08-09,310
"420",2016-08-10,328
"591",2016-08-11,296
"394",2016-08-12,271
"631",2016-08-13,253
"626",2016-08-14,288
"369",2016-08-15,336
"305",2016-08-16,309
"575",2016-08-17,311
"572",2016-08-18,310
"632",2016-08-19,283
"609",2016-08-20,284
"501",2016-08-21,254
"633",2016-08-22,313
"386",2016-08-23,299
"482",2016-08-24,295
"619",2016-08-25,246
"586",2016-08-26,267
"594",2016-08-27,277
"624",2016-08-28,285
"290",2016-08-29,289
"571",2016-08-30,305
"556",2016-08-31,275
"65",2016-09-01,378
"504",2016-09-02,319
"615",2016-09-03,261
"566",2016-09-04,248
"622",2016-09-05,258
"44",2016-09-06,236
"554",2016-09-07,257
"599",2016-09-08,248
"605",2016-09-09,265
"589",2016-09-10,260
"629",2016-09-11,265
"474",2016-09-12,298
"564",2016-09-13,287
"403",2016-09-14,293
"445",2016-09-15,278
"567",2016-09-16,354
"522",2016-09-17,273
"598",2016-09-18,271
"430",2016-09-19,288
"528",2016-09-20,292
"534",2016-09-21,301
"137",2016-09-22,283
"439",2016-09-23,315
"510",2016-09-24,302
"597",2016-09-25,277
"26",2016-09-26,281
"457",2016-09-27,285
"500",2016-09-28,271
"602",2016-09-29,287
"512",2016-09-30,290
"31",2016-10-01,315
"382",2016-10-02,252
"302",2016-10-03,258
"237",2016-10-04,273
"593",2016-10-05,272
"358",2016-10-06,304
"604",2016-10-07,283
"266",2016-10-08,345
"576",2016-10-09,229
"345",2016-10-10,249
"188",2016-10-11,290
"119",2016-10-12,265
"552",2016-10-13,259
"322",2016-10-14,303
"341",2016-10-15,301
"470",2016-10-16,239
"338",2016-10-17,288
"562",2016-10-18,277
"473",2016-10-19,302
"315",2016-10-20,254
"550",2016-10-21,306
"560",2016-10-22,252
"540",2016-10-23,258
"126",2016-10-24,310
"568",2016-10-25,253
"86",2016-10-26,281
"520",2016-10-27,271
"523",2016-10-28,275
"186",2016-10-29,268
"581",2016-10-30,239
"415",2016-10-31,311
"75",2016-11-01,344
"527",2016-11-02,308
"372",2016-11-03,272
"553",2016-11-04,283
"453",2016-11-05,297
"485",2016-11-06,251
"518",2016-11-07,261
"465",2016-11-08,247
"461",2016-11-09,243
"455",2016-11-10,291
"436",2016-11-11,294
"370",2016-11-12,266
"587",2016-11-13,205
"544",2016-11-14,254
"471",2016-11-15,299
"250",2016-11-16,296
"484",2016-11-17,309
"570",2016-11-18,277
"509",2016-11-19,264
"537",2016-11-20,258
"373",2016-11-21,267
"521",2016-11-22,267
"477",2016-11-23,264
"584",2016-11-24,149
"498",2016-11-25,239
"536",2016-11-26,238
"558",2016-11-27,213
"503",2016-11-28,258
"559",2016-11-29,265
"551",2016-11-30,243
"190",2016-12-01,315
"565",2016-12-02,301
"519",2016-12-03,253
"569",2016-12-04,262
"533",2016-12-05,260
"475",2016-12-06,298
"425",2016-12-07,299
"516",2016-12-08,300
"497",2016-12-09,278
"306",2016-12-10,231
"479",2016-12-11,238
"514",2016-12-12,259
"51",2016-12-13,262
"63",2016-12-14,248
"64",2016-12-15,279
"515",2016-12-16,242
"547",2016-12-17,264
"532",2016-12-18,252
"539",2016-12-19,278
"252",2016-12-20,249
"494",2016-12-21,238
"180",2016-12-22,281
"311",2016-12-23,267
"524",2016-12-24,195
"472",2016-12-25,140
"438",2016-12-26,199
"294",2016-12-27,224
"480",2016-12-28,266
"232",2016-12-29,275
"432",2016-12-30,233
"413",2016-12-31,265
"14",2017-01-01,278
"525",2017-01-02,219
"211",2017-01-03,230
"535",2017-01-04,273
"481",2017-01-05,268
"351",2017-01-06,279
"517",2017-01-07,227
"489",2017-01-08,193
"288",2017-01-09,276
"208",2017-01-10,264
"511",2017-01-11,267
"467",2017-01-12,257
"371",2017-01-13,263
"347",2017-01-14,247
"129",2017-01-15,225
"492",2017-01-16,223
"435",2017-01-17,283
"513",2017-01-18,249
"199",2017-01-19,270
"241",2017-01-20,270
"178",2017-01-21,278
"412",2017-01-22,237
"27",2017-01-23,297
"499",2017-01-24,262
"405",2017-01-25,297
"526",2017-01-26,273
"508",2017-01-27,288
"407",2017-01-28,288
"496",2017-01-29,226
"7",2017-01-30,260
"486",2017-01-31,224
"139",2017-02-01,272
"317",2017-02-02,256
"441",2017-02-03,261
"95",2017-02-04,249
"458",2017-02-05,212
"212",2017-02-06,212
"174",2017-02-07,251
"258",2017-02-08,312
"483",2017-02-09,220
"19",2017-02-10,249
"505",2017-02-11,233
"166",2017-02-12,225
"400",2017-02-13,257
"321",2017-02-14,303
"459",2017-02-15,315
"387",2017-02-16,291
"262",2017-02-17,296
"502",2017-02-18,288
"491",2017-02-19,224
"434",2017-02-20,265
"158",2017-02-21,257
"264",2017-02-22,255
"83",2017-02-23,276
"267",2017-02-24,353
"495",2017-02-25,290
"476",2017-02-26,242
"442",2017-02-27,278
"360",2017-02-28,266
"138",2017-03-01,307
"346",2017-03-02,272
"350",2017-03-03,269
"411",2017-03-04,208
"148",2017-03-05,207
"316",2017-03-06,251
"325",2017-03-07,265
"408",2017-03-08,278
"145",2017-03-09,276
"144",2017-03-10,275
"493",2017-03-11,252
"368",2017-03-12,216
"452",2017-03-13,272
"469",2017-03-14,213
"396",2017-03-15,229
"488",2017-03-16,290
"233",2017-03-17,312
"342",2017-03-18,267
"50",2017-03-19,229
"134",2017-03-20,319
"440",2017-03-21,274
"16",2017-03-22,257
"17",2017-03-23,256
"70",2017-03-24,283
"460",2017-03-25,246
"462",2017-03-26,234
"261",2017-03-27,303
"280",2017-03-28,232
"312",2017-03-29,264
"184",2017-03-30,301
"247",2017-03-31,322
"88",2017-04-01,296
"428",2017-04-02,276
"395",2017-04-03,274
"189",2017-04-04,254
"454",2017-04-05,256
"431",2017-04-06,253
"201",2017-04-07,295
"390",2017-04-08,252
"468",2017-04-09,228
"421",2017-04-10,271
"389",2017-04-11,278
"356",2017-04-12,286
"383",2017-04-13,313
"253",2017-04-14,274
"362",2017-04-15,250
"443",2017-04-16,249
"101",2017-04-17,259
"333",2017-04-18,265
"424",2017-04-19,285
"437",2017-04-20,244
"318",2017-04-21,276
"332",2017-04-22,240
"397",2017-04-23,273
"379",2017-04-24,293
"349",2017-04-25,249
"388",2017-04-26,260
"419",2017-04-27,274
"11",2017-04-28,300
"300",2017-04-29,302
"391",2017-04-30,244
"30",2017-05-01,337
"416",2017-05-02,315
"323",2017-05-03,271
"446",2017-05-04,317
"69",2017-05-05,309
"192",2017-05-06,263
"409",2017-05-07,248
"117",2017-05-08,272
"406",2017-05-09,287
"213",2017-05-10,252
"304",2017-05-11,255
"112",2017-05-12,298
"417",2017-05-13,288
"79",2017-05-14,228
"320",2017-05-15,247
"277",2017-05-16,359
"331",2017-05-17,328
"404",2017-05-18,295
"344",2017-05-19,334
"336",2017-05-20,291
"48",2017-05-21,250
"295",2017-05-22,244
"191",2017-05-23,271
"352",2017-05-24,318
"381",2017-05-25,262
"330",2017-05-26,293
"414",2017-05-27,242
"328",2017-05-28,235
"67",2017-05-29,223
"296",2017-05-30,288
"418",2017-05-31,295
"37",2017-06-01,332
"353",2017-06-02,325
"165",2017-06-03,292
"276",2017-06-04,236
"185",2017-06-05,284
"46",2017-06-06,274
"384",2017-06-07,288
"275",2017-06-08,325
"71",2017-06-09,257
"402",2017-06-10,303
"56",2017-06-11,295
"55",2017-06-12,286
"399",2017-06-13,344
"285",2017-06-14,316
"76",2017-06-15,346
"364",2017-06-16,333
"281",2017-06-17,258
"393",2017-06-18,242
"324",2017-06-19,284
"260",2017-06-20,288
"282",2017-06-21,306
"18",2017-06-22,290
"214",2017-06-23,307
"365",2017-06-24,293
"156",2017-06-25,327
"334",2017-06-26,321
"4",2017-06-27,304
"215",2017-06-28,336
"366",2017-06-29,311
"106",2017-06-30,282
"41",2017-07-01,331
"380",2017-07-02,246
"310",2017-07-03,301
"314",2017-07-04,272
"225",2017-07-05,325
"40",2017-07-06,300
"22",2017-07-07,275
"343",2017-07-08,295
"216",2017-07-09,241
"361",2017-07-10,329
"196",2017-07-11,291
"257",2017-07-12,288
"354",2017-07-13,272
"123",2017-07-14,313
"181",2017-07-15,271
"359",2017-07-16,275
"217",2017-07-17,311
"357",2017-07-18,312
"326",2017-07-19,300
"109",2017-07-20,274
"286",2017-07-21,310
"287",2017-07-22,329
"367",2017-07-23,221
"292",2017-07-24,251
"218",2017-07-25,305
"284",2017-07-26,314
"110",2017-07-27,323
"61",2017-07-28,285
"118",2017-07-29,304
"179",2017-07-30,260
"263",2017-07-31,351
"45",2017-08-01,350
"230",2017-08-02,313
"219",2017-08-03,336
"226",2017-08-04,361
"203",2017-08-05,257
"335",2017-08-06,248
"85",2017-08-07,317
"92",2017-08-08,290
"220",2017-08-09,319
"125",2017-08-10,312
"309",2017-08-11,284
"221",2017-08-12,316
"42",2017-08-13,259
"239",2017-08-14,318
"140",2017-08-15,278
"278",2017-08-16,326
"39",2017-08-17,289
"289",2017-08-18,299
"265",2017-08-19,296
"299",2017-08-20,279
"283",2017-08-21,284
"245",2017-08-22,303
"72",2017-08-23,307
"327",2017-08-24,309
"143",2017-08-25,276
"52",2017-08-26,265
"234",2017-08-27,278
"240",2017-08-28,299
"308",2017-08-29,271
"193",2017-08-30,247
"3",2017-08-31,320
"9",2017-09-01,376
"107",2017-09-02,276
"133",2017-09-03,236
"175",2017-09-04,218
"222",2017-09-05,290
"160",2017-09-06,255
"34",2017-09-07,323
"169",2017-09-08,355
"202",2017-09-09,271
"227",2017-09-10,245
"194",2017-09-11,309
"297",2017-09-12,281
"223",2017-09-13,318
"115",2017-09-14,288
"81",2017-09-15,357
"204",2017-09-16,328
"136",2017-09-17,287
"124",2017-09-18,258
"21",2017-09-19,281
"268",2017-09-20,277
"224",2017-09-21,320
"116",2017-09-22,368
"150",2017-09-23,315
"103",2017-09-24,294
"128",2017-09-25,329
"205",2017-09-26,334
"293",2017-09-27,312
"273",2017-09-28,311
"149",2017-09-29,288
"151",2017-09-30,240
"38",2017-10-01,314
"159",2017-10-02,277
"135",2017-10-03,269
"228",2017-10-04,298
"49",2017-10-05,294
"168",2017-10-06,301
"238",2017-10-07,301
"182",2017-10-08,254
"104",2017-10-09,213
"249",2017-10-10,320
"2",2017-10-11,278
"53",2017-10-12,309
"146",2017-10-13,302
"229",2017-10-14,260
"243",2017-10-15,265
"47",2017-10-16,296
"177",2017-10-17,261
"251",2017-10-18,291
"291",2017-10-19,316
"59",2017-10-20,300
"132",2017-10-21,291
"120",2017-10-22,248
"13",2017-10-23,288
"77",2017-10-24,298
"209",2017-10-25,291
"271",2017-10-26,276
"93",2017-10-27,306
"259",2017-10-28,276
"122",2017-10-29,261
"195",2017-10-30,304
"155",2017-10-31,288
"1",2017-11-01,314
"248",2017-11-02,287
"91",2017-11-03,318
"256",2017-11-04,276
"121",2017-11-05,272
"244",2017-11-06,281
"269",2017-11-07,274
"142",2017-11-08,258
"108",2017-11-09,285
"8",2017-11-10,312
"29",2017-11-11,245
"255",2017-11-12,201
"99",2017-11-13,232
"60",2017-11-14,269
"141",2017-11-15,274
"54",2017-11-16,277
"25",2017-11-17,298
"198",2017-11-18,273
"231",2017-11-19,245
"197",2017-11-20,276
"28",2017-11-21,307
"161",2017-11-22,230
"113",2017-11-23,150
"171",2017-11-24,222
"163",2017-11-25,241
"235",2017-11-26,208
"66",2017-11-27,256
"87",2017-11-28,277
"173",2017-11-29,306
"152",2017-11-30,271
"24",2017-12-01,317
"58",2017-12-02,269
"176",2017-12-03,247
"105",2017-12-04,270
"210",2017-12-05,283
"96",2017-12-06,299
"114",2017-12-07,271
"5",2017-12-08,282
"170",2017-12-09,260
"130",2017-12-10,201
"207",2017-12-11,226
"15",2017-12-12,271
"157",2017-12-13,231
"100",2017-12-14,240
"12",2017-12-15,298
"147",2017-12-16,241
"183",2017-12-17,216
"73",2017-12-18,238
"102",2017-12-19,256
"84",2017-12-20,284
"90",2017-12-21,253
"127",2017-12-22,218
"98",2017-12-23,219
"89",2017-12-24,204
"57",2017-12-25,140
"167",2017-12-26,214
"164",2017-12-27,211
"97",2017-12-28,217
"111",2017-12-29,227
"153",2017-12-30,206
"35",2017-12-31,226
"736",2018-01-01,273
"1064",2018-01-02,217
"1094",2018-01-03,263
"816",2018-01-04,214
"996",2018-01-05,202
"1005",2018-01-06,224
"952",2018-01-07,208
"1092",2018-01-08,279
"977",2018-01-09,296
"990",2018-01-10,284
"1082",2018-01-11,293
"829",2018-01-12,322
"834",2018-01-13,286
"1035",2018-01-14,210
"1091",2018-01-15,245
"911",2018-01-16,241
"920",2018-01-17,281
"1078",2018-01-18,229
"1084",2018-01-19,252
"1081",2018-01-20,251
"1074",2018-01-21,223
"1095",2018-01-22,239
"1051",2018-01-23,272
"1079",2018-01-24,229
"843",2018-01-25,242
"1053",2018-01-26,300
"1076",2018-01-27,255
"883",2018-01-28,245
"1096",2018-01-29,285
"1085",2018-01-30,259
"889",2018-01-31,227
"798",2018-02-01,288
"960",2018-02-02,254
"891",2018-02-03,218
"1090",2018-02-04,216
"1036",2018-02-05,270
"1088",2018-02-06,260
"1025",2018-02-07,206
"1087",2018-02-08,290
"1032",2018-02-09,233
"1018",2018-02-10,253
"1093",2018-02-11,206
"803",2018-02-12,264
"794",2018-02-13,229
"1069",2018-02-14,259
"993",2018-02-15,301
"1026",2018-02-16,267
"1089",2018-02-17,255
"1028",2018-02-18,190
"989",2018-02-19,217
"1086",2018-02-20,274
"1070",2018-02-21,307
"980",2018-02-22,193
"1072",2018-02-23,277
"1037",2018-02-24,265
"1029",2018-02-25,207
"1068",2018-02-26,272
"992",2018-02-27,257
"750",2018-02-28,264
"772",2018-03-01,277
"1057",2018-03-02,276
"769",2018-03-03,226
"806",2018-03-04,225
"1058",2018-03-05,217
"733",2018-03-06,263
"1083",2018-03-07,236
"866",2018-03-08,255
"1016",2018-03-09,290
"1073",2018-03-10,263
"961",2018-03-11,178
"1075",2018-03-12,259
"854",2018-03-13,237
"1077",2018-03-14,226
"975",2018-03-15,280
"1038",2018-03-16,271
"1080",2018-03-17,247
"1034",2018-03-18,250
"777",2018-03-19,245
"899",2018-03-20,272
"1020",2018-03-21,282
"801",2018-03-22,210
"741",2018-03-23,262
"1066",2018-03-24,233
"1021",2018-03-25,246
"775",2018-03-26,273
"924",2018-03-27,284
"937",2018-03-28,281
"742",2018-03-29,247
"1071",2018-03-30,271
"1015",2018-03-31,260
"922",2018-04-01,248
"1010",2018-04-02,278
"862",2018-04-03,251
"1060",2018-04-04,269
"965",2018-04-05,292
"1067",2018-04-06,234
"905",2018-04-07,279
"979",2018-04-08,219
"735",2018-04-09,253
"751",2018-04-10,274
"1000",2018-04-11,285
"986",2018-04-12,306
"994",2018-04-13,282
"1063",2018-04-14,294
"1039",2018-04-15,219
"1049",2018-04-16,199
"1065",2018-04-17,269
"831",2018-04-18,271
"1023",2018-04-19,260
"1061",2018-04-20,314
"1050",2018-04-21,269
"963",2018-04-22,231
"1062",2018-04-23,258
"1044",2018-04-24,271
"885",2018-04-25,290
"1008",2018-04-26,280
"817",2018-04-27,305
"1041",2018-04-28,285
"1052",2018-04-29,233
"732",2018-04-30,278
"774",2018-05-01,311
"1011",2018-05-02,349
"740",2018-05-03,284
"943",2018-05-04,341
"1009",2018-05-05,298
"897",2018-05-06,259
"815",2018-05-07,309
"1055",2018-05-08,272
"890",2018-05-09,282
"812",2018-05-10,313
"1006",2018-05-11,311
"987",2018-05-12,253
"1048",2018-05-13,231
"939",2018-05-14,260
"809",2018-05-15,330
"1056",2018-05-16,262
"933",2018-05-17,312
"1047",2018-05-18,317
"1046",2018-05-19,267
"870",2018-05-20,262
"1033",2018-05-21,307
"1012",2018-05-22,294
"1054",2018-05-23,340
"985",2018-05-24,290
"997",2018-05-25,302
"790",2018-05-26,292
"805",2018-05-27,257
"1059",2018-05-28,237
"1031",2018-05-29,302
"973",2018-05-30,302
"767",2018-05-31,313
"856",2018-06-01,328
"921",2018-06-02,298
"1042",2018-06-03,212
"940",2018-06-04,293
"760",2018-06-05,317
"919",2018-06-06,297
"1040",2018-06-07,331
"797",2018-06-08,317
"1019",2018-06-09,283
"894",2018-06-10,251
"956",2018-06-11,323
"1007",2018-06-12,309
"792",2018-06-13,301
"789",2018-06-14,343
"895",2018-06-15,380
"888",2018-06-16,276
"967",2018-06-17,256
"786",2018-06-18,307
"826",2018-06-19,292
"984",2018-06-20,307
"1043",2018-06-21,288
"785",2018-06-22,290
"1045",2018-06-23,277
"1003",2018-06-24,286
"983",2018-06-25,333
"879",2018-06-26,305
"998",2018-06-27,333
"995",2018-06-28,294
"1004",2018-06-29,272
"824",2018-06-30,296
"784",2018-07-01,284
"1014",2018-07-02,296
"954",2018-07-03,319
"1030",2018-07-04,273
"991",2018-07-05,317
"873",2018-07-06,275
"830",2018-07-07,260
"1022",2018-07-08,231
"780",2018-07-09,300
"999",2018-07-10,304
"1002",2018-07-11,293
"1017",2018-07-12,288
"946",2018-07-13,286
"982",2018-07-14,284
"773",2018-07-15,250
"959",2018-07-16,256
"868",2018-07-17,245
"759",2018-07-18,279
"860",2018-07-19,292
"945",2018-07-20,280
"1001",2018-07-21,279
"1024",2018-07-22,255
"970",2018-07-23,311
"763",2018-07-24,300
"770",2018-07-25,306
"865",2018-07-26,286
"864",2018-07-27,301
"1027",2018-07-28,289
"1013",2018-07-29,267
"981",2018-07-30,273
"974",2018-07-31,283
"813",2018-08-01,289
"969",2018-08-02,290
"799",2018-08-03,346
"958",2018-08-04,254
"765",2018-08-05,233
"935",2018-08-06,303
"966",2018-08-07,254
"808",2018-08-08,259
"925",2018-08-09,312
"976",2018-08-10,314
"988",2018-08-11,266
"978",2018-08-12,256
"955",2018-08-13,258
"947",2018-08-14,298
"744",2018-08-15,318
"800",2018-08-16,294
"926",2018-08-17,287
"825",2018-08-18,272
"757",2018-08-19,263
"810",2018-08-20,302
"764",2018-08-21,315
"749",2018-08-22,284
"754",2018-08-23,309
"936",2018-08-24,301
"898",2018-08-25,279
"931",2018-08-26,244
"971",2018-08-27,280
"752",2018-08-28,274
"848",2018-08-29,302
"972",2018-08-30,284
"932",2018-08-31,322
"748",2018-09-01,333
"910",2018-09-02,281
"900",2018-09-03,282
"837",2018-09-04,322
"942",2018-09-05,282
"927",2018-09-06,298
"822",2018-09-07,290
"953",2018-09-08,286
"881",2018-09-09,225
"814",2018-09-10,266
"948",2018-09-11,279
"941",2018-09-12,272
"746",2018-09-13,270
"938",2018-09-14,286
"788",2018-09-15,233
"964",2018-09-16,279
"950",2018-09-17,314
"747",2018-09-18,235
"906",2018-09-19,331
"745",2018-09-20,296
"876",2018-09-21,320
"957",2018-09-22,302
"863",2018-09-23,261
"916",2018-09-24,297
"755",2018-09-25,253
"776",2018-09-26,312
"872",2018-09-27,307
"855",2018-09-28,314
"845",2018-09-29,275
"918",2018-09-30,252
"737",2018-10-01,334
"804",2018-10-02,280
"892",2018-10-03,289
"871",2018-10-04,265
"842",2018-10-05,342
"907",2018-10-06,257
"917",2018-10-07,252
"968",2018-10-08,228
"766",2018-10-09,294
"818",2018-10-10,319
"884",2018-10-11,267
"923",2018-10-12,284
"949",2018-10-13,251
"869",2018-10-14,256
"739",2018-10-15,237
"944",2018-10-16,282
"882",2018-10-17,254
"787",2018-10-18,278
"930",2018-10-19,250
"928",2018-10-20,290
"962",2018-10-21,189
"853",2018-10-22,298
"934",2018-10-23,270
"951",2018-10-24,258
"908",2018-10-25,289
"844",2018-10-26,257
"783",2018-10-27,265
"841",2018-10-28,259
"821",2018-10-29,251
"779",2018-10-30,263
"734",2018-10-31,326
"761",2018-11-01,320
"802",2018-11-02,310
"811",2018-11-03,310
"929",2018-11-04,228
"743",2018-11-05,272
"835",2018-11-06,247
"768",2018-11-07,256
"857",2018-11-08,234
"913",2018-11-09,249
"878",2018-11-10,256
"849",2018-11-11,232
"901",2018-11-12,201
"781",2018-11-13,278
"861",2018-11-14,279
"839",2018-11-15,251
"778",2018-11-16,258
"847",2018-11-17,295
"738",2018-11-18,244
"877",2018-11-19,225
"791",2018-11-20,278
"838",2018-11-21,246
"903",2018-11-22,134
"782",2018-11-23,192
"909",2018-11-24,219
"795",2018-11-25,232
"896",2018-11-26,273
"833",2018-11-27,268
"840",2018-11-28,261
"902",2018-11-29,327
"851",2018-11-30,307
"758",2018-12-01,295
"915",2018-12-02,218
"875",2018-12-03,288
"819",2018-12-04,274
"828",2018-12-05,292
"832",2018-12-06,259
"796",2018-12-07,279
"867",2018-12-08,247
"904",2018-12-09,249
"886",2018-12-10,274
"823",2018-12-11,239
"858",2018-12-12,253
"771",2018-12-13,260
"820",2018-12-14,289
"793",2018-12-15,240
"893",2018-12-16,284
"880",2018-12-17,245
"859",2018-12-18,277
"762",2018-12-19,282
"846",2018-12-20,241
"753",2018-12-21,321
"852",2018-12-22,252
"836",2018-12-23,199
"807",2018-12-24,181
"827",2018-12-25,149
"874",2018-12-26,182
"912",2018-12-27,202
"756",2018-12-28,226
"914",2018-12-29,216
"887",2018-12-30,254
"850",2018-12-31,237
"1175",2019-01-01,304
"1354",2019-01-02,240
"1300",2019-01-03,268
"1323",2019-01-04,296
"1306",2019-01-05,254
"1380",2019-01-06,238
"1335",2019-01-07,233
"1293",2019-01-08,259
"1176",2019-01-09,298
"1275",2019-01-10,253
"1364",2019-01-11,268
"1377",2019-01-12,234
"1331",2019-01-13,221
"1245",2019-01-14,270
"1286",2019-01-15,285
"1150",2019-01-16,264
"1357",2019-01-17,261
"1351",2019-01-18,250
"1379",2019-01-19,211
"1289",2019-01-20,187
"1361",2019-01-21,187
"1375",2019-01-22,260
"1378",2019-01-23,219
"1376",2019-01-24,283
"1358",2019-01-25,251
"1373",2019-01-26,254
"1363",2019-01-27,247
"1371",2019-01-28,251
"1319",2019-01-29,275
"1367",2019-01-30,252
"1338",2019-01-31,223
"1164",2019-02-01,286
"1374",2019-02-02,234
"1312",2019-02-03,244
"1237",2019-02-04,280
"1352",2019-02-05,279
"1356",2019-02-06,227
"1342",2019-02-07,260
"1329",2019-02-08,274
"1332",2019-02-09,252
"1290",2019-02-10,178
"1365",2019-02-11,247
"1355",2019-02-12,208
"1353",2019-02-13,243
"1307",2019-02-14,238
"1231",2019-02-15,326
"1347",2019-02-16,270
"1370",2019-02-17,212
"1372",2019-02-18,200
"1296",2019-02-19,238
"1366",2019-02-20,239
"1180",2019-02-21,252
"1368",2019-02-22,288
"1348",2019-02-23,251
"1328",2019-02-24,207
"1316",2019-02-25,290
"1359",2019-02-26,224
"1369",2019-02-27,248
"1350",2019-02-28,235
"1198",2019-03-01,299
"1259",2019-03-02,231
"1291",2019-03-03,222
"1264",2019-03-04,239
"1273",2019-03-05,260
"1320",2019-03-06,220
"1243",2019-03-07,260
"1341",2019-03-08,245
"1215",2019-03-09,229
"1130",2019-03-10,205
"1317",2019-03-11,252
"1292",2019-03-12,246
"1360",2019-03-13,276
"1343",2019-03-14,305
"1152",2019-03-15,275
"1313",2019-03-16,264
"1302",2019-03-17,213
"1303",2019-03-18,274
"1154",2019-03-19,225
"1280",2019-03-20,280
"1322",2019-03-21,251
"1278",2019-03-22,225
"1362",2019-03-23,216
"1344",2019-03-24,224
"1242",2019-03-25,249
"1346",2019-03-26,250
"1324",2019-03-27,308
"1340",2019-03-28,289
"1337",2019-03-29,300
"1298",2019-03-30,281
"1311",2019-03-31,217
"1193",2019-04-01,300
"1325",2019-04-02,233
"1349",2019-04-03,283
"1287",2019-04-04,264
"1184",2019-04-05,235
"1305",2019-04-06,270
"1330",2019-04-07,233
"1222",2019-04-08,255
"1327",2019-04-09,275
"1315",2019-04-10,274
"1167",2019-04-11,283
"1271",2019-04-12,285
"1133",2019-04-13,261
"1224",2019-04-14,234
"1314",2019-04-15,244
"1334",2019-04-16,198
"1220",2019-04-17,212
"1269",2019-04-18,234
"1244",2019-04-19,264
"1285",2019-04-20,241
"1345",2019-04-21,190
"1250",2019-04-22,244
"1247",2019-04-23,266
"1301",2019-04-24,284
"1257",2019-04-25,293
"1339",2019-04-26,247
"1336",2019-04-27,252
"1326",2019-04-28,240
"1276",2019-04-29,302
"1270",2019-04-30,226
"1190",2019-05-01,287
"1213",2019-05-02,255
"1308",2019-05-03,276
"1294",2019-05-04,261
"1321",2019-05-05,228
"1288",2019-05-06,289
"1261",2019-05-07,289
"1318",2019-05-08,310
"1246",2019-05-09,327
"1159",2019-05-10,302
"1284",2019-05-11,274
"1256",2019-05-12,210
"1262",2019-05-13,275
"1333",2019-05-14,243
"1191",2019-05-15,336
"1211",2019-05-16,284
"1310",2019-05-17,312
"1226",2019-05-18,294
"1268",2019-05-19,223
"1221",2019-05-20,300
"1309",2019-05-21,268
"1279",2019-05-22,324
"1239",2019-05-23,336
"1267",2019-05-24,304
"1186",2019-05-25,267
"1282",2019-05-26,259
"1295",2019-05-27,249
"1171",2019-05-28,268
"1258",2019-05-29,244
"1223",2019-05-30,289
"1203",2019-05-31,287
"1210",2019-06-01,301
"1205",2019-06-02,237
"1252",2019-06-03,277
"1274",2019-06-04,316
"1249",2019-06-05,262
"1281",2019-06-06,278
"1179",2019-06-07,299
"1199",2019-06-08,286
"1304",2019-06-09,255
"1260",2019-06-10,301
"1253",2019-06-11,290
"1128",2019-06-12,270
"1283",2019-06-13,264
"1236",2019-06-14,292
"1229",2019-06-15,282
"1299",2019-06-16,209
"1173",2019-06-17,278
"1297",2019-06-18,254
"1263",2019-06-19,309
"1241",2019-06-20,238
"1214",2019-06-21,279
"1272",2019-06-22,308
"1165",2019-06-23,251
"1206",2019-06-24,333
"1183",2019-06-25,263
"1216",2019-06-26,335
"1200",2019-06-27,314
"1208",2019-06-28,339
"1277",2019-06-29,294
"1254",2019-06-30,224
"1163",2019-07-01,308
"1219",2019-07-02,271
"1234",2019-07-03,314
"1266",2019-07-04,259
"1212",2019-07-05,309
"1235",2019-07-06,266
"1232",2019-07-07,254
"1132",2019-07-08,279
"1255",2019-07-09,332
"1251",2019-07-10,274
"1228",2019-07-11,279
"1233",2019-07-12,316
"1230",2019-07-13,282
"1174",2019-07-14,296
"1218",2019-07-15,291
"1134",2019-07-16,262
"1178",2019-07-17,315
"1265",2019-07-18,282
"1151",2019-07-19,323
"1182",2019-07-20,256
"1238",2019-07-21,260
"1217",2019-07-22,284
"1172",2019-07-23,268
"1225",2019-07-24,296
"1248",2019-07-25,274
"1143",2019-07-26,313
"1113",2019-07-27,291
"1204",2019-07-28,267
"1189",2019-07-29,293
"1118",2019-07-30,294
"1240",2019-07-31,305
"1120",2019-08-01,336
"1169",2019-08-02,316
"1195",2019-08-03,280
"1202",2019-08-04,278
"1149",2019-08-05,319
"1188",2019-08-06,309
"1209",2019-08-07,291
"1192",2019-08-08,295
"1185",2019-08-09,297
"1161",2019-08-10,321
"1227",2019-08-11,251
"1140",2019-08-12,300
"1141",2019-08-13,304
"1207",2019-08-14,256
"1162",2019-08-15,297
"1181",2019-08-16,313
"1155",2019-08-17,305
"1168",2019-08-18,250
"1196",2019-08-19,300
"1121",2019-08-20,324
"1156",2019-08-21,302
"1187",2019-08-22,313
"1166",2019-08-23,344
"1201",2019-08-24,289
"1194",2019-08-25,245
"1177",2019-08-26,294
"1126",2019-08-27,317
"1197",2019-08-28,281
"1158",2019-08-29,298
"1153",2019-08-30,303
"1147",2019-08-31,303
"1148",2019-09-01,282
"1125",2019-09-02,272
"1129",2019-09-03,335
"1145",2019-09-04,295
"1142",2019-09-05,300
"1119",2019-09-06,298
"1160",2019-09-07,289
"1170",2019-09-08,254
"1122",2019-09-09,305
"1144",2019-09-10,258
"1146",2019-09-11,322
"1157",2019-09-12,288
"1114",2019-09-13,331
"1139",2019-09-14,244
"1138",2019-09-15,250
"1127",2019-09-16,275
"1131",2019-09-17,279
"1112",2019-09-18,331
"1135",2019-09-19,299
"1136",2019-09-20,309
"1137",2019-09-21,277
"1123",2019-09-22,268
"1117",2019-09-23,298
"1116",2019-09-24,299
"1124",2019-09-25,302
"1115",2019-09-26,235
"1111",2019-09-27,284
"1110",2019-09-28,222
"1109",2019-09-29,230
"1429",2019-09-30,312
"1381",2019-10-01,304
"1108",2019-10-02,280
"1456",2019-10-03,255
"1461",2019-10-04,319
"1434",2019-10-05,276
"1428",2019-10-06,244
"1398",2019-10-07,281
"1427",2019-10-08,264
"1383",2019-10-09,277
"1438",2019-10-10,274
"1458",2019-10-11,303
"1107",2019-10-12,244
"1106",2019-10-13,256
"1457",2019-10-14,268
"1400",2019-10-15,279
"1392",2019-10-16,272
"1397",2019-10-17,264
"1406",2019-10-18,287
"1424",2019-10-19,270
"1445",2019-10-20,237
"1431",2019-10-21,302
"1405",2019-10-22,266
"1098",2019-10-23,277
"1404",2019-10-24,274
"1454",2019-10-25,287
"1439",2019-10-26,282
"1448",2019-10-27,197
"1459",2019-10-28,292
"1399",2019-10-29,242
"1441",2019-10-30,291
"1387",2019-10-31,312
"1395",2019-11-01,355
"1101",2019-11-02,272
"1386",2019-11-03,215
"1412",2019-11-04,282
"1100",2019-11-05,258
"1396",2019-11-06,298
"1407",2019-11-07,281
"1460",2019-11-08,246
"1415",2019-11-09,257
"1442",2019-11-10,241
"1450",2019-11-11,266
"1384",2019-11-12,227
"1426",2019-11-13,243
"1416",2019-11-14,275
"1423",2019-11-15,305
"1432",2019-11-16,258
"1390",2019-11-17,219
"1418",2019-11-18,268
"1414",2019-11-19,280
"1389",2019-11-20,272
"1391",2019-11-21,312
"1099",2019-11-22,253
"1430",2019-11-23,246
"1453",2019-11-24,238
"1452",2019-11-25,281
"1401",2019-11-26,265
"1435",2019-11-27,285
"1455",2019-11-28,162
"1105",2019-11-29,251
"1421",2019-11-30,253
"1382",2019-12-01,237
"1394",2019-12-02,227
"1385",2019-12-03,205
"1417",2019-12-04,248
"1419",2019-12-05,280
"1433",2019-12-06,300
"1437",2019-12-07,271
"1104",2019-12-08,249
"1451",2019-12-09,271
"1420",2019-12-10,271
"1413",2019-12-11,280
"1393",2019-12-12,286
"1447",2019-12-13,295
"1103",2019-12-14,279
"1402",2019-12-15,235
"1410",2019-12-16,277
"1425",2019-12-17,237
"1446",2019-12-18,271
"1409",2019-12-19,245
"1097",2019-12-20,291
"1449",2019-12-21,260
"1411",2019-12-22,233
"1440",2019-12-23,262
"1403",2019-12-24,254
"1443",2019-12-25,184
"1422",2019-12-26,202
"1436",2019-12-27,232
"1408",2019-12-28,239
"1444",2019-12-29,214
"1102",2019-12-30,220
"1388",2019-12-31,245
"1542",2020-01-01,292
"1485",2020-01-02,259
"1819",2020-01-03,280
"1486",2020-01-04,229
"1767",2020-01-05,221
"1737",2020-01-06,245
"1822",2020-01-07,233
"1798",2020-01-08,245
"1815",2020-01-09,231
"1677",2020-01-10,308
"1804",2020-01-11,270
"1781",2020-01-12,240
"1716",2020-01-13,274
"1760",2020-01-14,259
"1547",2020-01-15,264
"1477",2020-01-16,266
"1820",2020-01-17,263
"1582",2020-01-18,266
"1693",2020-01-19,224
"1827",2020-01-20,226
"1790",2020-01-21,254
"1821",2020-01-22,258
"1602",2020-01-23,286
"1818",2020-01-24,241
"1484",2020-01-25,252
"1733",2020-01-26,232
"1810",2020-01-27,267
"1487",2020-01-28,254
"1748",2020-01-29,267
"1825",2020-01-30,262
"1813",2020-01-31,284
"1509",2020-02-01,265
"1723",2020-02-02,248
"1806",2020-02-03,292
"1809",2020-02-04,291
"1796",2020-02-05,262
"1591",2020-02-06,263
"1774",2020-02-07,266
"1614",2020-02-08,239
"1466",2020-02-09,209
"1817",2020-02-10,250
"1826",2020-02-11,274
"1823",2020-02-12,256
"1824",2020-02-13,237
"1684",2020-02-14,303
"1807",2020-02-15,246
"1816",2020-02-16,218
"1797",2020-02-17,211
"1808",2020-02-18,232
"1814",2020-02-19,245
"1489",2020-02-20,254
"1490",2020-02-21,267
"1791",2020-02-22,236
"1492",2020-02-23,225
"1731",2020-02-24,277
"1811",2020-02-25,270
"1812",2020-02-26,254
"1805",2020-02-27,234
"1775",2020-02-28,278
"1690",2020-02-29,300
"1536",2020-03-01,278
"1701",2020-03-02,274
"1482",2020-03-03,280
"1752",2020-03-04,282
"1688",2020-03-05,253
"1802",2020-03-06,288
"1600",2020-03-07,255
"1772",2020-03-08,228
"1581",2020-03-09,279
"1465",2020-03-10,300
"1785",2020-03-11,247
"1778",2020-03-12,276
"1730",2020-03-13,249
"1759",2020-03-14,270
"1671",2020-03-15,239
"1702",2020-03-16,217
"1758",2020-03-17,215
"1764",2020-03-18,202
"1483",2020-03-19,197
"1573",2020-03-20,210
"1548",2020-03-21,222
"1776",2020-03-22,189
"1787",2020-03-23,201
"1789",2020-03-24,207
"1480",2020-03-25,212
"1762",2020-03-26,163
"1799",2020-03-27,231
"1479",2020-03-28,180
"1718",2020-03-29,150
"1672",2020-03-30,232
"1491",2020-03-31,208
"1476",2020-04-01,241
"1777",2020-04-02,194
"1473",2020-04-03,176
"1800",2020-04-04,165
"1792",2020-04-05,187
"1786",2020-04-06,175
"1783",2020-04-07,202
"1724",2020-04-08,212
"1678",2020-04-09,179
"1757",2020-04-10,195
"1753",2020-04-11,205
"1803",2020-04-12,173
"1528",2020-04-13,203
"1794",2020-04-14,211
"1656",2020-04-15,218
"1648",2020-04-16,159
"1782",2020-04-17,200
"1468",2020-04-18,157
"1467",2020-04-19,198
"1795",2020-04-20,205
"1793",2020-04-21,207
"1686",2020-04-22,185
"1653",2020-04-23,183
"1481",2020-04-24,198
"1761",2020-04-25,210
"1801",2020-04-26,162
"1586",2020-04-27,180
"1788",2020-04-28,210
"1770",2020-04-29,214
"1692",2020-04-30,209
"1577",2020-05-01,258
"1711",2020-05-02,201
"1779",2020-05-03,220
"1771",2020-05-04,229
"1703",2020-05-05,178
"1773",2020-05-06,212
"1784",2020-05-07,173
"1751",2020-05-08,231
"1765",2020-05-09,199
"1616",2020-05-10,203
"1744",2020-05-11,212
"1732",2020-05-12,196
"1695",2020-05-13,199
"1464",2020-05-14,217
"1728",2020-05-15,264
"1780",2020-05-16,212
"1763",2020-05-17,197
"1745",2020-05-18,228
"1674",2020-05-19,223
"1503",2020-05-20,227
"1746",2020-05-21,258
"1712",2020-05-22,296
"1766",2020-05-23,231
"1603",2020-05-24,210
"1584",2020-05-25,186
"1717",2020-05-26,256
"1768",2020-05-27,234
"1687",2020-05-28,273
"1735",2020-05-29,283
"1539",2020-05-30,298
"1635",2020-05-31,319
"1620",2020-06-01,358
"1631",2020-06-02,233
"1598",2020-06-03,234
"1518",2020-06-04,249
"1741",2020-06-05,255
"1754",2020-06-06,197
"1750",2020-06-07,199
"1769",2020-06-08,255
"1552",2020-06-09,225
"1546",2020-06-10,214
"1705",2020-06-11,295
"1478",2020-06-12,281
"1740",2020-06-13,257
"1738",2020-06-14,225
"1590",2020-06-15,246
"1749",2020-06-16,266
"1662",2020-06-17,235
"1756",2020-06-18,254
"1743",2020-06-19,259
"1739",2020-06-20,271
"1742",2020-06-21,221
"1725",2020-06-22,277
"1475",2020-06-23,271
"1463",2020-06-24,314
"1691",2020-06-25,249
"1713",2020-06-26,286
"1722",2020-06-27,239
"1649",2020-06-28,224
"1607",2020-06-29,224
"1650",2020-06-30,246
"1663",2020-07-01,310
"1652",2020-07-02,258
"1474",2020-07-03,282
"1694",2020-07-04,237
"1578",2020-07-05,256
"1472",2020-07-06,263
"1497",2020-07-07,278
"1645",2020-07-08,240
"1641",2020-07-09,242
"1720",2020-07-10,243
"1593",2020-07-11,236
"1755",2020-07-12,219
"1611",2020-07-13,242
"1595",2020-07-14,229
"1585",2020-07-15,270
"1699",2020-07-16,269
"1634",2020-07-17,247
"1462",2020-07-18,244
"1471",2020-07-19,239
"1697",2020-07-20,233
"1554",2020-07-21,285
"1673",2020-07-22,268
"1736",2020-07-23,263
"1666",2020-07-24,254
"1747",2020-07-25,251
"1721",2020-07-26,221
"1726",2020-07-27,273
"1715",2020-07-28,257
"1654",2020-07-29,270
"1599",2020-07-30,260
"1676",2020-07-31,268
"1506",2020-08-01,282
"1613",2020-08-02,281
"1681",2020-08-03,329
"1583",2020-08-04,270
"1655",2020-08-05,256
"1714",2020-08-06,312
"1708",2020-08-07,279
"1566",2020-08-08,241
"1727",2020-08-09,240
"1594",2020-08-10,287
"1540",2020-08-11,282
"1561",2020-08-12,252
"1709",2020-08-13,257
"1664",2020-08-14,280
"1680",2020-08-15,246
"1704",2020-08-16,221
"1729",2020-08-17,252
"1668",2020-08-18,270
"1707",2020-08-19,284
"1522",2020-08-20,287
"1675",2020-08-21,257
"1698",2020-08-22,285
"1669",2020-08-23,245
"1719",2020-08-24,250
"1734",2020-08-25,259
"1661",2020-08-26,266
"1657",2020-08-27,260
"1682",2020-08-28,278
"1570",2020-08-29,267
"1556",2020-08-30,268
"1696",2020-08-31,308
"1544",2020-09-01,315
"1659",2020-09-02,249
"1630",2020-09-03,286
"1685",2020-09-04,285
"1589",2020-09-05,261
"1592",2020-09-06,241
"1568",2020-09-07,235
"1596",2020-09-08,286
"1706",2020-09-09,286
"1498",2020-09-10,291
"1647",2020-09-11,266
"1626",2020-09-12,256
"1710",2020-09-13,275
"1689",2020-09-14,280
"1633",2020-09-15,274
"1621",2020-09-16,281
"1642",2020-09-17,300
"1553",2020-09-18,252
"1636",2020-09-19,257
"1608",2020-09-20,225
"1679",2020-09-21,243
"1495",2020-09-22,239
"1558",2020-09-23,265
"1639",2020-09-24,240
"1646",2020-09-25,289
"1612",2020-09-26,284
"1700",2020-09-27,261
"1667",2020-09-28,331
"1564",2020-09-29,279
"1525",2020-09-30,286
"1551",2020-10-01,293
"1638",2020-10-02,257
"1644",2020-10-03,288
"1580",2020-10-04,260
"1526",2020-10-05,257
"1488",2020-10-06,291
"1576",2020-10-07,312
"1622",2020-10-08,269
"1660",2020-10-09,312
"1597",2020-10-10,285
"1627",2020-10-11,218
"1683",2020-10-12,231
"1670",2020-10-13,223
"1629",2020-10-14,296
"1601",2020-10-15,266
"1470",2020-10-16,280
"1579",2020-10-17,249
"1628",2020-10-18,235
"1615",2020-10-19,265
"1658",2020-10-20,285
"1493",2020-10-21,285
"1543",2020-10-22,303
"1469",2020-10-23,292
"1651",2020-10-24,300
"1665",2020-10-25,223
"1624",2020-10-26,289
"1541",2020-10-27,262
"1623",2020-10-28,265
"1510",2020-10-29,261
"1588",2020-10-30,237
"1532",2020-10-31,243
"1496",2020-11-01,254
"1507",2020-11-02,239
"1640",2020-11-03,222
"1643",2020-11-04,238
"1625",2020-11-05,233
"1534",2020-11-06,281
"1569",2020-11-07,282
"1610",2020-11-08,204
"1571",2020-11-09,250
"1565",2020-11-10,293
"1632",2020-11-11,225
"1567",2020-11-12,252
"1604",2020-11-13,272
"1618",2020-11-14,208
"1504",2020-11-15,209
"1563",2020-11-16,256
"1533",2020-11-17,266
"1501",2020-11-18,221
"1557",2020-11-19,283
"1529",2020-11-20,307
"1531",2020-11-21,216
"1637",2020-11-22,184
"1605",2020-11-23,230
"1550",2020-11-24,246
"1560",2020-11-25,268
"1574",2020-11-26,158
"1617",2020-11-27,233
"1519",2020-11-28,212
"1535",2020-11-29,197
"1502",2020-11-30,272
"1500",2020-12-01,309
"1515",2020-12-02,257
"1572",2020-12-03,275
"1527",2020-12-04,275
"1619",2020-12-05,217
"1545",2020-12-06,184
"1514",2020-12-07,260
"1606",2020-12-08,232
"1511",2020-12-09,227
"1609",2020-12-10,238
"1524",2020-12-11,243
"1587",2020-12-12,240
"1537",2020-12-13,233
"1575",2020-12-14,207
"1512",2020-12-15,246
"1562",2020-12-16,279
"1517",2020-12-17,218
"1520",2020-12-18,252
"1499",2020-12-19,259
"1559",2020-12-20,199
"1555",2020-12-21,244
"1521",2020-12-22,265
"1513",2020-12-23,233
"1538",2020-12-24,261
"1523",2020-12-25,311
"1549",2020-12-26,252
"1516",2020-12-27,214
"1530",2020-12-28,250
"1494",2020-12-29,234
"1508",2020-12-30,270
"1505",2020-12-31,479
